ของมาถึงเเต่ไม่มาส่งคือยังไงครับ,neg
แย่มาก มาเปลี่ยนที่อยู่จัดส่งเอง แระของก้อไม่ส่งให้ ติดต่อก้อไม่ได้สักทางเลย แย่สุดๆๆๆๆๆ ปิดบริษัทไปเถอะ,neg
"ของมาถึงตั้งแต่วันอาทิตย์วันพุธยังไม่ส่งของให้ลูกค้าเลย
โทรมาเลื่อนตลอดแย่มากค่ะ",neg
ช้ามากของมาถึงหลายวันแล้วแต่ไม่นำมาส่ง,neg
ของถึงสาขาปลายทางตั้งแต่30/7/65 ยังไม่ยอมนำส่ง,neg
ช้าจัด ของถึงเเล้วไม่ยอมส่ง จะดองทำไม,neg
ส่วของช้ามากค่ะ ส่งผลไม้ไป เน่าหมดเลยค่ะ การบริการแย่มากค่ะ,neg
ส่งของช้ามากผลไม้เน่าเสียหาย,neg
แย่มากเลยบริษัทนี้ ผมติดตามพัสดุยุ ส่งข้อความมาว่ากำลังจัดส่งพัสดุของท่าน พอผ่านไป 2-3ชั่วโมง ส่งข้อความมาอีกว่า พัสดุของท่านจัดส่งไม่สำเร็จ ยังไม่มาส่งเลย แล้วจะสำเร็จได้ไงครับ ผมรอมา3วันแล้วยังไม่มาส่งเลย พอมาวันนี้ ส่งข้อความเหมือนเดิม กำลังจัดส่งพัสดุของท่านตอนเที่ยง พอถึงบ่าย3โมง ส่งข้อความว่า พัสดุของท่านจัดส่งไม่สำเร็จ ยังไม่ส่งถึงบ้านเลย  จะส่งสำเร็จได้ไงครับ ถ้าปิดได้ปิดเถอะครับ,neg
ส่งของไปไม่ถึงผู้รับ.,neg
แย่มากเบอร์โทก็โทไปก้อรอสายตลอดพัสดุก้อเช็คไม่ได้ทั้งๆที่เลขพัสดุก้อถุก,neg
"โทรสอบถามโทรติด6ครั้งพนักงานนำส่งพัสดุไม่รับสายคะโทรศัพท์พนักงาน
ชื่อ ชลัมพล(64678)",neg
ห่วยแตก แย่ถึงแยกที่สุด ปิดสาขาบางหมากไปเลย 5วันแหละ ที่ไม่ได้ของ จากกรุงเทพถึงชุมพร ใช้เวลาส่งเยอะขนาดนี้เลยเหลอ โทรไปที่สาขา ติดสายทิ้งอีก ถ้าไม่ต้องการส่ง แนะนำให้ปิดสาขาบางหมากไปเลย จะได้ไม่ต้องเสียเวลารอของ,neg
ทำงานเปรตไหรพันนี้ อะ ยกเลิกของเองได้กันนะ เราสั่งเรากะอิเอาใช้งาน ยกเลิกเองเฉย ปิดตะบริษัท ถ้าไม่อยากส่งของ ชาติเลว,neg
เลวร้ายมาก ปิดบริษัทเถอะถ้าจะห่วยขนาดนี้,neg
ห่วยแตะ ห่วยถึงห่วยมากกกกก ส่งช้าเหมือนเต๋า 4วันแหละยังไม่ได้ของเลย เช็คพัสดุก็ยังค้างอยู่กับที่ไม่ไปไหน ไม่สมควรจะได้สักดาวเลยด้วยซ้ำ เหนื่อยใจกับบริษัทนี้มาก,neg
แย่มากค่ะ ส่งสินค้าช้ามาก,neg
ส่งช้ามาก ขึ้นนำส่งตั้งแต่9โมง จนอีกวันยังไม่ถึง,neg
แย่มากส่งของจากภูเก็ตปลายทางพังงาใช้เวลา8วันแล้วของยังไม่ถึง,neg
เช็คพัสดุบอกไม่มีข้อมูลการส่ง อ้าววแล้วมีโค้ดการส่งได้ไงล่ะ(แย่มาก)ของตกค้างเสียหายเข็ดแล้วบริการแบบนี้,neg
เลขพัสดุผิดพลาดเชคไม่ได้ตลอดไม่ใช้บริการอีกแล้ว,neg
ในระบบขึ้นนำจ่ายเเต่เที่ยงโทรหาพนักงานตั้งเเต่16:00จนตอนนี้ไม่มีคนรับสายตติดต่อพนักงานไม่ได้,neg
ส่งช้ามาก นนทบุรี ส่งมาบางซื่อ 3 วันยังไม่ถึง งงกับระบบ,neg
พัสดุมาถึงเวียงสาตั้งแต่วันที่9แทนที่จะมาส่งของให้จนถึงวันที่14แล้วของก็ยังไม่มาส่งให้อีกทำไมทำงานช้าแบบนี้แย่มากเลยคนรอของก็รอไปเถอะติดต่อก็ยากโทรเบอรฝ่ายบริการลูกค้าโทรทั้งวันก็ไม่รับสายห่วยชิบหาย,neg
บริการแย่มาก จากบางกะปิถึงพระโขนงใช้เวลาส่งเป็นอาทิตย์ แถมยังส่งพัสดุไปๆมาๆขึ้นสถานะโทรหาลูกค้าแล้วทางเราไม่ได้รับโทรศัพท์ลงรายละเอียดเท็จอีก โทรหาที่สาขาติดแต่ไม่มีคนรับสาย (สาขาพระโขนง ) บอกเลยเสียความรู้สึกมากๆ บริการสุดแย่มาก,neg
ฉันไม่ได้รับพัสดุ เงินก็จ่ายแล้ว ไปตามหาบ้านญาติ 6 หลังคาเรือนแล้ว โทรถามบอกจำไม่ได้ ฉันควรทำไง ติดต่อมานะ 0844740993,neg
โทรบอกให้รอของ ได้แน่วันนี้ รอ3 ชั่วโมงโทรบอกไม่ได้ ห่างจากที่อยู่แค่ 500 เมตร ไม่ยอมมาส่ง ทำไมนิสัยแย่แบบนี้ ขนส่งสารหทัยราษฎร์,neg
เเย่มากรอของเป็นอาทิตย์ ไหนว่าส่งพัสดุเซ็นรับเรียบร้อยเเล้วไงไม่เห็นจะมีสักอย่าง ผู้ส่งพัสดุโทรมาครั้งเเรกบอกของตีกลับเดี๋ยวจะนำส่งให้ตอนไกลๆจะดึก โทรมารอบสองบอกอยู่ข้างหน้าร้านเเล้ว บอกให้เดินมายืนหน้าร้านเเต่พอออกไปยืนรอไม่มีใครสักคน พอโทรกลับไม่รับซะอีก เฮงซวยมาก,neg
รอของมาเป็นอาทิตย์ โทรหาเจ้าหน้าที่ผู้ส่งพัสดุก็ไม่รับสาย ติดต่อทางไลน์ก็แจ้งว่าจะมาส่งให้วันนั้นวันนี้ แต่ไม่มีการโทรหาเรา ติดตามพัสดุกลับแจ้งว่าเราเลื่อนการส่ง 2 ครั้งติดกัน อีเฮงซวย,neg
พนักงานใหม่หรือเก่าสมควรโทรบอกลูกค้าด้วยครับiชิบหายของมาถึงไม่โทรบอกเลยเอามาว่างไว้เชยๆดื้อๆถ้าหายมสใครรับผิดชอบของผมครับถ้ามันหายขึ้นมาจิงๆ ผมฝากไปบอกไอ่พนักงานคนส่งของสาขาที่หนองแคด้วยครับโทรสับมึงตังหรอครับ.#ไอ่หน้าหมี #อย่าให้มีรอบที่2นะคับถ้ามีกูจะเข้าไปที่สาขาที่หนองแคเองเลยชิบหาย,neg
พนักงาน?โคตรแย่เลย แทนที่จะเอามาส่งให้ดีๆแต่ให้ขับรถออกไปเอาอย่างไกลคือไรวะ? ชื่อพนักงานทักศิณากรณ์  โพธิ์สระคู,neg
พนักงาน?โคตรแย่เลยแทนที่จะเอามาส่งให้? แต่ให้ออกไปรับเองคือไร?,neg
ของไม่มาส่ง ถูกบอกว่าไม่มีคนรับ เปลี่ยนที่อยู่  สาขากลางดง,neg
สาขาไชยา รหัสพนง.83097 เอกรินรท์ ทิพย์มณี ส่งของไม่ถึงเจ้าของจนตอนนี้ไม่รู้ของอยู่ไหนแย่มากโทรไปก็ไม่รับ,neg
แย่มาก ส่งของไม่ถึงเจ้าของไว้บ้านใครก็ไม่รู้จนวันนี้ยังไม่ได้ของ รหัสพนง.83097 เอกรินทร์ ทิพย์มณี,neg
แย่มาก ช้ามาก ติดต่อไม่ได้ นำจ่ายพัสดุ 3 วันละ ค้างอยู่ที่พนักงานขนส่ง 0641563180 โทรไม่เคยรับ ไม่โทรกลับ มีตัดสายทิ้งอีก เทียบกับบริการขนส่งของบริษัทอื่น คือควรเปลี่ยนเป็นชื่อเป็น slow express น่าจะดีกว่านะ,neg
ช้ามาก พัสดุค้างสาขาอยู่3วันแล้ว และก็ไม่รู้จะค้างอีกกี่วัน เบอร์ติดต่อสาขาก็ไม่มี ห่วยแตกมาก,neg
พัสดุมาช้ามากสั่งตั้งเเต่วันจันทร์พัสดุค้างอยู่ชัยนาทตั้งเเต่เมื่อวาน16.04 รีบมากอยากได้พัสดุก่อนวันศุกร์นี้ยังไม่ออกจากชัยนาทเลย,neg
พนักงานส่งของFlash Express แฟลช.สาขาน่านศูนย์ย่อยอ.เมืองน่าน จ.น่าน สายขนส่งสิ้นค้าต.ผาสิงห์  โคตรนิสัยสันดานเหี้ยมาก.ให้บริการไม่ดีไม่สุภาพเราสั่งของมาแล้วรอนานๆๆเป็นครึ่งเดือนไม่มา..พอเราไม่อยู่เสือกสิ้นค้าที่เราสั่งมา..เราเลยขอเลื่อนรับสินค้าพอถึงกำหนดเรามีธุระด่วนไม่อยู่อีกเราก็เลยบอกให้ตีสิ้นค้ากลับ..เพราะเรารอๆๆก็นานๆๆ..พนักงานขนส่งสินค้ากลับมาด่าเรา...มันไม่สมควรเป็นอย่างที่จะให้พนักคนนี้อยู่ทำงานให้บริการอย่างนี้อีกเพราะจะทำให้บริษัทเสียหายหรือถ้ายังพนักงานให้บริการเป็นแบบนี้แสดงสันดานนิสัยเหี้ยๆๆ,neg
ฝากถึงสาอุบลด้วยไม่มีความรอบคอบในการขัดเเยกสิ้นค้า ส่งสินค้า?ไปผิดที่ผมอยู่ขุนหาญเเต่ส่งไปกันทรลักษ์? สิ้นค้าก็ค้างอยู่ที่นั้นแหละ?,neg
จัดส่งช้ามาก ไม่เป็นไปตามเวลานัด,neg
พนักงานโทรนัดเปลี่ยนแปลงเวลาส่งสินค้า ว่าจะจัดส่งให้ในวันถัดไปก่อนเที่ยง รอสินค้ามา 3 วันแล้ว ทำไมยังจัดส่งสินค้าให้ค่ะ,neg
"เเฟลชมัวทำอะไรอยู่ของดองไว้ไม่อัพเดตสถานะ มา3วันแล้ว
ทำไมช้ามากขนาดนี้ รับพัสดุเข้าคลังมา3-4วันไม่คิดจะส่งกันบ้างเหรอ",neg
ขนส่งช้ามาก  ดองของไว้ทำไมครับ ของมาถึงเป็นอาทิตย์  ไม่รุ็จะดองของไว้ทำไม    ถ้าไม่ส่งของก็ปิดบริษัทไปเลยครับ   โทรตามก็ไม่ค่อยจะมีคนรับสาย   คุณทำงานกันยังไงครับไม่มีวางแผนกันเลยหรอ,neg
"ผมโทรไปสอบถามพัสดุกับพนักงานในสาขา อ.จอมทองผมคุยสอบถามกับพนักงานยังไม่จบพนักงานก็วางสายโทรไปเฉยๆเลย (พนักงานคนนี้ให้บริการแย่มากครับ)
(แย่ทั้งการใช้น้ำเสียง แล้วพนักงานก็ยังคุยกับเพื่อนด้วยระหว่างการสนทนาในสายกับผม",neg
รอมา3จะ4วันละยังดองของอยู่เลย,neg
ติดต่อไม่ได้สักทีทั้งๆของมาถึงแล้ว,neg
"พัสดุเลขที่ TH01022XCYSZ0A ส่งจากเขตทวีวัฒนา กรุงเทพฯ มาเขตคลองสาน ตั้งแต่ 130665:20 น วันนี้ 160665:14.50 น สถานะของยังดองอยู่ที่ ศูนย์บางมด 2BMO_BDC-บางมด โทร 096 9392093 โทรไปก็ไม่ติด
โทร 02 168 2111 ก็สายวุ่นวายให้นั่งฟังอยู่นั่น .... ห่วยสุดแล้ว บริการขนส่งเจ้านี้ อย่าเห็นแก่ถูก นะ",neg
ของมาถึง 4 วันแล้วทำไมไม่จัดส่งโทรถามบอกพนักงานลาออกขอจัดส่งเป็นพรุ่งนี้ พอวันนี้โทรอีกบอกยังไม่มีคนวันนี้วิ่งแต่เส้นองค์รักษ์ ขอจัดส่งวันพรุ่งนี้อีก น่าเบื่อเสียค่าส่งแล้วยังต้องเจอแบบนี้,neg
พัสดุอยู่ในคลัง2วันแล้วคับช่วยรีบจัดส่งให้ที,neg
ของค้างอยู่ที่คลังตั้งแต่วันที่ 10/6/2022 จนตอนนี้วันที่ 16/6/2022 โทรเข้าไปตามกับเจ้าหน้าที่ 2 รอบบอกว่าจะตามเรื่องให้เร่งจัดส่ง จนตอนนี้ทุกอย่างยังนิ่งที่เดิม เช็คสถานะก็ยังนิ่งอยู่ที่เดิมตั้งแต่วันที่ 10 ทำไมบริการแย่แบบนี้ ไม่ปรับปรุงคุณภาพไม่พัฒนา,neg
ของไม่มาส่ง ไม่โทรมา แถวจะตีของกลับอีกด้วย แย่มาก,neg
พัสดุมาถึงสาขาปลายทางตั้งแต่วันศุกร์ที่ 10 นี่วันอังคารที่ 14 แล้ว จะดองเอาไว้ทำไม,neg
โคตรช้า ช้ามากๆ กทม-กทม เกือบอาทิตย์แล้วยังไม่ถึงเลย ห่วยแตก,neg
ช้ามากๆๆๆๆ,neg
เป็นขนส่งที่ส่งช้ามาก,neg
ช้ามากกกก ถ้าไม่ถนัดขนส่งควรไปทำอย่างอื่น,neg
สินค้ายังไม่ได้รับคะเเต่มีคนเซนรับเเทนคะ,neg
เห้ยทำไมสถานะพัสดุมันส่งกลับไปกลับมาวะ ตอนแรกพัสดุอยู่เซนทรัลวังน้อยส่งไปถึงฉิมพลี ละก็ดหมือนกำลังจะมาส่งสักพักส่งกลับไปเซนทรัลวังน้อยเฉยเลย ระบบเป็นไร ? ถ้าปัญหาเยอะเดียวไปหาถึงที่,neg
ส่งช้ามากค่ะ พนักงานพูดจาไม่ได้เรื่อง โทรมาขอเลื่อนวันส่ง อ้างว่ารถเต็มทุกรอบ ไม่มีความรับผิดชอบ ห่วยมากค่ะ จ่ายค่าส่งนะคะ ไม่ใช่ขอทานให้ส่งฟรีให้,neg
ติดตามพัสดุในระบบไม่ได้เลย,neg
พัสดุถึงสาขาแต่การนำส่งล่าช้ามากๆๆแฟรชสาขานางรอง,neg
แย่มากๆๆๆ ขนส่งช้ามาก รอรับของเป็น2 อาทิตย์ บริการแย่ คงใช้บริการแค่ครั้งเดี๋ยวพอ สิ้นค้าผลไม้เน่าเสียหายหมด แย่ๆๆๆๆๆๆสุดจะทน,neg
"ทำไม ส่งของช้าจัง โทรไปเจอพนักงานบอกไปรับที่สาขา
ส่งของนะ ไม่ใช่ให้ไปรับของ",neg
ส่งของช้ามากค่ะ,neg
ช้ามาก ปรับปรุงการส่งน่อย,neg
เมื่อไหร่พัสดุผมจะมารอเป็นชาติแล้วเบอร์ติดต่อก็ไม่มีโทรคอเซอร์เตอร์ก็ปิดเครื่องถ้าไม่มีคนส่งของก็ปิดบริษัทไปเลยสาขาเนี่ย,neg
ส่งช้ามากๆ ขนส่ง กทม ชล วันเดียว ส่งถึงแล้วค่ะ 2-3วันแล้วยังไม่ถึงเลย ไม่ไหว ??????,neg
บริการส่งก็ดีน่ะ? แต่ทำไมขั้นตอนการส่งช้ามาก?  รึพนักงานน้อยค่ะ? ของมาถึงก้เสียหายกล่องมีรอยเจาะตลอด? เจาะทำไมค่ะ??? ของมาถึงปรายทางแต่เช้า? ก้ยังไม่ส่ง? ทิ้งของไว้ค้างคืน?  บ้างครั้งเปนอาหารขนมก้เสียหมด? ถ้าขั้นตอนการส่งช้าแนะนำให้ลดสาขาการบนิการดีกว่า? เอาพนักงานมาร่วมกันแค่สาขาเดียวจะดีกว่าค่ะ? จะได้ส่งของกันไวๆ? ฝากไว้ให้ปรับปรุงคะ,neg
ของมาถึงปลายทางแล้วแต่พนักงานไม่นำส่งไม่เข้าใจ2วันแล้วน่าจะนำส่งสินค้าได้แล้วบริการแย่มากๆ,neg
ราคาของเท่าไรก็เก็บเท่านั่น บาทสองบาทก็ต้องทอนไม่ใช่เก็บเพิ่มอีก,neg
เช็คของถึงแล้ว ตั้งแต่ 15/4/65 มีขีดเซ็นรับที่ไม่ใช่ชื่อคนรับ  แต่ไม่ได้รับของ ลงไว้ ณ. วันที่ 21/4/65,neg
รับเงินเกินก็ไม่เเจ้งลูกค้าแย่งมาก,neg
เชคแล้วถึงนานแล้ว แต่พนักงานนำจ่ายช้ามากกกก รอๆๆๆ,neg
ถึงเร็วมากเลยค่ะ ส่งจากระยองวันที่12/4 ตอนเที่ยง ถึงพังงาวันที่ 14/4 ตอนเช้า,pos
สินค้าถึงปลายทางแล้วตั้งแต่วันที่7แต่ไม่นำส่ง,neg
ดำเนินการช้าจัง บางบัวทองไปท่าแซะชุมพร ส่งตั้งแต่เมื่อวานวันนี้พัสดุพึ่งอยู่วังน้อย อยุธยา งงจังไม่ไหว,neg
สินค้าส่งจาก จ. สุโขทัย มาชลบุรี วันนี่ก็เข้าวันที่ 7 แล้วของก็ยังมาไม่ถึงแช้ไว้จะไห้สินค้าเสียหายหรือไงคับ มาถึงก็ต้องนำจ่ายเลยไม่ไช่ว่าแช้เอาไว้ไห้ขึ้นรา ต้องปรับปรุงนะคับผม มิชนั้นจะทำไห้บริษัทเสียหายนะคับ หรือว่าคนงานไม่เพียงพอคับ แจ้ามาได้นะคับอย่าแช้เอาไว้นาน,neg
คือของมาถึงตั้งแต่11โมงแต่ไม่นำจ่ายคือแล้วถ้านำจ่ายช้าเท่าไรของก็ยิ่งเสียหายมากเท่านั้นไม่รุ้ว่าจะเก็บไว้ทำห่าไรถึงไม่นำส่งแย่มาก,neg
ยูแม่สะเรียง3วันแล้วเมื่อไรจะถึงค่ะไม่ส่งสักทีโทรไปก็ไม่รับ,neg
ชมแทบไม่มีเลยเอาของมาส่งก็ไม่โทรบอก ไม่มีคนอยู่บ้านก็ดันเอาวางใว้ที่พื้นหน้าประตู ดีไม่มีใครสวมรอยเอาไปแล้วจะทำยังไง แย่มากๆๆๆๆ,neg
พัสดุยังไม่ได้รับเเต่ในชอปปีที่สั่งของขึ้นว่าพัสดุจัดส่งสำเร็จทั้งที่ม่ายด้รับของที่,neg
"เซ็นรับพัสดุเองแย่มากโทรมาจิงแต่คุยกับเราไม่รึ้เรื่อง
โทรหาเบอร์คนที่มาส่งก้อไม่ติด",neg
ขับเลยบ้าน พออธิบายเส้นทางให้ ก็มาหงุดหงิดใส่ พอเจอทำกริยาแย่มาก ไม่ใช่รถแฟลชโดยตรง น่าจะเป็นซัพฯ,neg
พัสดุได้รับความเสียหายแต่หาเบอร์ติดต่อปลายทางไม่ได้  ใช้บริการครั้งแรกประทับใจในการให้บริการของสาขาต้นทาง แต่ไม่ประทับใจสาขาปลายทางและไม่กล้าใช้บริการอีกเลย,neg
ทางร้านบอกเปลี่ยนเบอร์เเล้ว เเต่ทางเเฟรชคีเบอร์ผิด เเถมส่งผิดบ้าน ของก็ไม่ได้ เสียดายเงิน.,neg
ช้ามากรอ3วันแล้วค่ะ,neg
ส่งของผิดบ้านบ่อยมากไม่มีการโทรหาผู้รับก่อนส่งเซ็นต์ชื่อรับของเองตัวผู้รับไม่รู้เรื่อง พอเช็คพัสดุถึงรู้ว่าส่งให้บ้านอื่นเรียบร้อยแล้ว. ทำงานกันห่วยมาก,neg
ส่งด่วนนะและอยู่ในพื้นที่ด้วยและเป็นของที่ต้องใช้ด้วยเรื่องค่าส่งไม่ใช่ปัญหาแต่ให้ทันเวลาอย่างแต่อะไรโคตรช้า,neg
ปรับปรุงด่วนค่ะช้ามาก3วันร่ะของยังมาไม่ภึงจะเปลี่ยนท่่ส่งร่ะ,neg
การขนส่งสินค้าช้ามากเลยค่ะ สินค้าเข้าสาขามาแล้วแต่ยังคงค้างส่งผ่านไป3วันแล้วสถานะสินค้าก็ค้างส่งเหมือนเดิมถ้าเป็นอาหารสดคงเน่าเสียหายแน่เลย ตอนนี้ 5 วันจากที่สินค้าที่เข้าระบบยังไม่ได้รับสินค้าเลยค่ะ,neg
ตอนนี้ยังไม่ได้รับสิ้นค้าเลย.งง.เมื่อไหร่จะมาส่งสักที.คงครังอยุ่ได้.แย่มากๆเลยคับ,neg
กรุณาปรับปรุงการนำส่งของท่านด้วยของที่สั่งไปสี่วันแล้วโทรตามเบอร์ก้อตอบว่าไม่ทราบไม่รู้ตกหล่นอยู่ที่ไหนส่งของรับของประจำไม่เคยช้าแต่นี่ช้ามากสั่งของก้อไม่ไกลจากที่ฉันอยู่4วัน5วันเลยหรอค่ะ,neg
มีรอยหัวมุมของรูปค่ะ,neg
ช้ามากกก3วันแล้วของยังไม่ถึง นี้ส่งของขวัญแลกกับเพื่อน ส่งflashไปก่อนตั้ง1วันยังไม่ถึง เพื่อนส่ง kerry วันเดียวถึง,neg
ส่งช้ามากกกกกกกกก,neg
เอกสารมีร่องรอยเปิดเสียความรู้สึกจริงๆ,neg
ช้ามาก,neg
รอบนี้ช้ามากเลยนะ ส่งของแบบนี้ไม่ทันใช้เลยค่ะ,neg
ช้ามาก ไม่น่าส่งเลย แวะตลอดทาง ส่งไปกทม.ปกติส่งเย็นบ่ายอีกวันก็ได้รัยนี่สามวันแล้วยังส่งต่อสาขานั่นนี่นู่นยุ,neg
โทรมาให้มาเอาของ ผมอยุ่ที่ทำงาน  บอกให้เอาที่หอ ผมขับรถไปหาก็ดันไปส่งของที่อื่น ไม่โทรมาบอก ปล่อยให้รอ แย่มาก หลายรอบล่ะ  พนักงานคนนี้ 0971938768 ตรวจสอบให้ด้วย บริการแย่มาก,neg
พัสดุช้ามากค่ะ ไม่อัพเดทสถานะของพัสดุให้เลย,neg
0957805839 ช่วยติเตือนพนักงานเบอร์นี้ด้วยพูดจาแย่มากพูดจายียวนจะไม่รับของอีกต่อไปจากขนส่งนี้ครั้งสุดท้ายเพราะพนักงานแย่มาก,neg
พนักงานพูดจาแย่มากไม่ไช่ครั้งแรกหลายรอบแล้วไม่อยากจะรับของเลยด้วยซ้ำโทรมาพูดจากระโชกเสียงด่ารอบข้างลั่นสายคุยไม่รู้เรื่อง,neg
"พัสดุรับเข้าสาขาแล้วนิ่งไม่ขยับไปไหน
จะใช้เวลาส่ง7-8วันหรอคับช้ามากๆ",neg
ส่งช้ามากคับรอบนี้ถ้าเป็นอาหารคงจะเน่าเสียหายหมดคับ,neg
คือปกติสั่งสินค้ากับบริษัทช้อปปี้มานานมากเลยค่ะครั้งนี้เป็นครั้งแรกที่สั่งสินค้าแล้วในระบบบอกว่าสำเร็จแต่สินค้ายังไม่ถึงที่บ้านเลยต้องได้โทรเข้าไปกับบริษัท shopee แต่ก็ยังดีที่พนักงานติดต่อให้ตอนนี้ก็ได้แต่รอค่ะว่าสินค้าจะมาถึงวันไหน เป็นการส่งของบริษัทสีเหลือง แย่มากเลยค่ะถ้าเป็นแบบนี้สินค้าไม่ถึงก็บอกในระบบว่าสำเร็จ,neg
ส่งของช้ามากของจากกระบี่ถึงตรังส่งยุสี่วันไม่คิดว่าของเราเน่าหรือเปล่าไม่รู้เรืองเลยติดต่อคนส่งของก็ไม่ได้ไม่มีเบอร์ติดต่อคนส่งพัสดุด้วย,neg
เซ็นรับของแต่เจ้าของไม่ได้รับแบบนี้ก็ได้จนตอนนี้ของไปอยู่ไหนก็ไม่รู้,neg
โทรไม่ติด  ติดต่อคนส่งไม่ได้  ส่งของช้ามาก  ที่แย่ที่สุดคือ ตีของกลับเอง ทั้งๆที่คนส่งยังมาไม่ถึงบ้านเลย  บางครั้งให้เราขับรถออกไปรับเอง ด้วยข้ออ้างที่ว่า  เขาขับรถเลยบ้านผู้รับไปแล้ว   เอ้า คุณผิดเอง  คุณต้องมาส่งให้ถึงสิ  เสียค่าส่งไปแล้วนะ  แย่มากๆ  บริษัทแบบนี้ แย่โครตๆครับ ในเมื่อคุณทำงานแล้ว  เราเสียค่าส่งแล้ว >> คุณ ต้อง ส่ง ถึง บ้าน ตาม ที่ อยู่ ให้ถึง ที่ เข้า ใจ ด้วย นะ ครับ<<,neg
แย่สุดๆๆๆๆๆ  เท่าที่เตยเจอมา,neg
ส่งของได้แย่มากๆ ไม่สนใจเวลาของลูกค้า ว่าของจะเสียหายหรือป่าว,neg
เป็นบริษัทเอกชนมที่แย่ที่สุดเท่าที่ใช้บริการมา,neg
แย่ มากสิ่งค้ายังมีเวลา อีก 2_4 วัน ไม่เจอคนรับวันเดียวตีกลับ ถ้าไม่เปนใจส่งก็ปิดบริษัทเลย คับแนะนำ  เบอร์ก็ไม่มีให้ติดต่อ โทไปติดใครก็ไม่รู้ คืออาลมเสียคับ รอของมานาน พอขอมา ก็รีบตีคือ,neg
ผู้ส่งไม่โทรมาหาแถมเอาของของเราไปทิ้งข้างทาง ควรมีมารยาทกว่านี้นะคะ หมู่8ต.ลำเพียก อ.ครบุรี จ.นครราชสีมา 30250,neg
คนส่งของเข้าใจนะว่าเป็นพวกด้อยโอกาศทางการศึกษาแต่ไม่คิดว่าแค่การมาส่งของให้ถูกบ้านตรงตามเวลามันจะเป็นเรื่องยากขนาดนี้ ตรงๆคือโง่,neg
มึงจะลีลาเพื่อ ของกูไม่คืบหน้าเลยขนส่งเหี้ยอะไรมีแต่พนักงานกับผู้จัดการโง่ๆรึไงวะ มึงยุบไปเลยนะบริษัท Flashเหี้ยไรเนี่ย มึงยุบให้้หายไปจากโลกนี้เลยนะไอเวรจัญไร,neg
ช้าาา  ของมาถึงตัวเมืองโคราชสองวันก็ยังไม่มาส่ง  ตีกลับไปคืนบ้าง โทรถามก็บอกคีย์ผิด  ของมาถุงก็ขาดด  ดีผ้าข้างในไม่เสียหาย  ห่วยยย  ที่ร้านค้าเค้านิยมส่งคือมันถูก แต่ลูกค้ามารับกรรมเองงง,neg
โทมาหาสองสายไม่ใด้รับมันตีสินค้ากลับเลยมันไม่คิดว่าเค้าทำงานยุมั้งเหอะเย็ดแม่แฟลชบางขันจ.นครศรีฯ,neg
ห่วยมากก เบอร์ก็ติดต่อไม่ได้ แค่ปราจีนบุรี มากบินทร์บุรี ใช้เวลานานนมากก ล่าช้า พนักงานไม่รับสาย แย่,neg
พัสดุอ้อมมากเลยค่ะ ส่งจากบางใหญ่ ปลายทางอยู่นนทบุรีเหมือนกันพื้นที่ไม่ห่างกันมาก แต่สินค้าจากบางใหญ่ ไปวังน้อย จากวังน้อยมาบางเสาธง ตอนนี้ยังไม่ได้รับของเลยค่ะช้ายิ่งกว่าเดิม สิ่งของตรงนั้นเป็นสิ่งจำเป็นมากที่ต้องใช้ในวันถัดไป ถ้าเป็นแบบนี้จะรับผิดชอบยังไงคะ,neg
"สินค้าที่ส่งจากต.ลำโพ และอ.บางบัวทอง จ.นนทบุรี ทำไมต้องย้อนไปต่างจังหวัดก่อนแล้วมา
กทม.บางเสาธงแล้วจึงมาสาขาบางใหญ่
นนทบุรี จ.เเดียวกัน 
   นนทบุรี สู่นนทบุรี
แต่ทำไม่อัอมจังหวัดล่ะ 
ศูนย์รับสินค้าในจ.นนทบุรีไม่มีหรือ",neg
พนักงานส่งของไม่สุภาพค่ะถ้าไม่โทรถามจะรู้ไหมค่ะว่าของจะได้เมื่อไหร่เพราะคนฝากเค้าจะต้องไปธุระ พอมาส่งเสร็จก็โวยวาย,neg
ส่งของวันอาทิตย์ตั้งแต่เช้า พอมาเช็คเลขพัสดุพัสดุยังไม่ไปไหนพอโทรสอบถามบอกว่าส่งของไม่ทัน คือไรถ้าของเสียหายจะทำยังไง บอกลูกค้าไว้แล้วว่าไม่เกิน 3 วันได้ ต้องได้กลับไปบอกลูกค้าอีกทีว่าของอาจจะล่าช้ากว่านี้แล้วลูกค้าจะเชื่อมั่นได้ยังไงเปลี่ยนไปเปลี่ยนมา,neg
ทำไมไม่โทรแจ้งว่าเอาของมาส่ง ถ้าจ่ายเงินก่อนก็เป็นแบบนี้แหละ  ถ้าเก็บเงินปลายทางนี้โทรจัง ควรแก้ไขด้วย จะได้รู้ว่าส่งตอนไหน,neg
ส่งของผิดควรรับผิดชอบไม่ให้ลูกค้าตามเองรับผิดชอบเองมันดูไม่เป็นมืออาชีพนะคะวินค้าของลูกค้าคือหัวใจของการขนส่งไม่ใช่หรอคะถ้าไม่มีสินค้าส่งจากแม่ค้าหรือคนอื่นๆก็ไม่มีการขนส่ง,neg
ของส่งมาจะถึงอยู่แล้วห่างแค่ไม่กี่กิโลจะตีกลับไปศูนย์วังน้ยเพื่ออะไร ที่อยู่เดิมบริาัทอื่นก็ส่งมาเป็นร้อยรอบ,neg
"ของส่งจากสายไหมมาสายไหม ตั้งแต่วันอังคารจนวันนี้วันศุกร์ยังไม่นำส่งผู้ส่งกับคนรับอยู่ห่างกันไม่ถึง 20 กิโลเมตร
แต่กลับส่งของย้อนกลับไปสาขาวังน้อยเพื่อ",neg
ขึ้นสถานะว่ารับพัสดุแล้ว ผ่านมา 3 วันยังไม่ได้รับการติดต่อใดๆ เลย ไม่มีการโทรแจ้งก่อนส่งพัสดุด้วย สรุปแล้วคืออะไรกัน ควรใส่เบอร์โทรให้ติดต่อพนักงานนำส่งด้วย ไม่ใช้โชว์แค่ 3 ตัวหน้ากับ 3 ตัวหลัง,neg
ส่งของช้ามากครับเดี๋ยวนี้,neg
สั่งสินค้าไป ของที่จำเป็นต้องใช้ สั่งได้จำนวนจำกัด รอๆๆสุดท้ายเช็คสถานะ บอกรับแล้ว รับเองด้วย เลขTH01471V5HCA7B ของจะส่งต่อไห้ทางบ้าน เสียความรู้สึกคะ แล้วแจ้งใครได้ ตามกับใคร เงีบยคะ,neg
พนักงานยังไม่มาส่งของไม่โทร มา  แต่กลับ เปลี่ยนสถานะว่าลูกค้าปฎิเสธรับของ  อยากทราบพนักมึงมาส่งตอนไหน  สาขาเขารูปช้าง  วันนี้ยุบ้านรอรับของทั้งวัน,neg
ถามจริงเถอะจากโคราชมาอยุธยามันไกลขนาดนั้นเลยหรอคะส่งของวนไปวนมารอมา4วันแล้วยังไม่ถึงปรับปรุงเถอะคับ,neg
"ของผมมาถึงตั้ง2วันแล้วทำไมถึงไม่มาส่งหัยสักทีช้ามาก

ถ้าล่าช้าแบบนี้มาถึงผทจะหัยตีของกลับเลย..",neg
ไม่มีเบอร์โทรติดต่อแฟลชสาขาแม่สะเรียงเช็คเลขพัสดุของมาถึงสองวันละแต่ไม่ติดต่อลูกค้าและมาส่งของช้า,neg
ส่งของห่วย ของมาถึงสองวันแล้วยังไม่มีการติดต่อหรืออะไร ยังไม่ส่งของไห้ โทรไปก็ไม่รับ ไม่มีการรับผิดชอบอะไรเลยสักอย่างห่วยมาก,neg
ส่งของช้า ของมาถึงไม่ส่งของ โทรไปไม่รับ ไม่มีความรับผิดชอบ,neg
บริการช้ามาก โทรติดตามพัสดุไม่ได้ความสะดวก ปลายทางไม่ค่อยรับสาย,neg
ช้า,neg
ดีมาก,pos
ส่งของช้า,neg
ดีครับ รวดเร็ว,pos
ส่งช้ากล่องยับหมด,neg
พนักงานส่งไม่มีความรับผิดชอบ,neg
ส่งช้า,neg
ยังไม่ได้รับของแต่มีคนเซ็นรับแล้ว,neg
ปรับนิดหน่อย,neg
การบริการยังใช้ไม่ได้ พัสดุบางอย่างมีระยะเวลาที่อยู่ในกล่อง,neg
ดี,pos
พอใจ,pos
คือส่งของล้าช้ามากคะ,neg
ส่งช้าไปนิด,neg
ไม่ทีค่ะ,pos
พนักงานบริการดี,pos
ขึ้นส่งของวันนี้  แต่เอาของกลับคลัง ไม่จ่ายของ,pos
ส่งช้ามากกกกกกกกก,neg
ควรมีข้อมูลแจ้งว่า ลูกค้าจะได้รับสิ่งของวันไหน ให้ระบุชัดเจน เพราะการขนส่งแต่ละพื้นที่ ใกล้ ไกล ไม่เท่ากัน ลูกค้าจะได้ทราบว่าสิ่งของๆตนไม่ได้ตกค้าง,neg
ไวมาก,pos
ส่งของช้า-ของมาถึงไม่ยอมนำส่ง,neg
ล่าช้ามาก,neg
ดี,pos
ไม่อัตเดตความคืบหน้าของการขนส่ง,neg
"ดี
สมภพ",pos
ดี,pos
บริการดี ส่งสินค้าเร็วทันใจ,pos
ส่งของช้า ไม่ได้บอกปฎิเสธรับของก็ขึ้นปฏิเสธรับของ,neg
ห่วย ควรเช็คได้หามีรหัสพัสดุ ไม่ใช่ต้องทั้งลิ้งค์,neg
การจัดส่งจากบางพลีถึงพิมลราชใช้เวลานานคับ,neg
ส่งไวราคาสุดคุ้ม,pos
ส่งตั้งแต่31 กรุงเทพชลบุรี ส่งวนไปวนมา เมื่อไหร่จะถึงชลบุรี แย่มาก4วันแล้ว ของยังยุบางพลี  วนไปมาทำไม วังน้อย บางพลี กรุงเทพ วน4วันไปมา,neg
ของส่งจากพญาไท ทำไมต้องวนรอบโลกไปบางพลี วังน้อย,neg
พนักงานไม่รอบคอบเท่าไหร่,neg
ส่งช้ามาก,neg
ไม่มีการเคลื่อนไหว อัพเดตอะไรเลย รอรอรอรอรอรอรอ,neg
.,neg
ดี,pos
หาพัสดุไม่เจอ ส่งล่าช้า,neg
ส่งวนไปวนมา,neg
ของแตก พังยับเยิน,neg
โดยปกติ สินค้าส่งวันนี้พรุ่งนี้ได้รับ แต่รอบนี้ ส่งวันนี้ มะรืนได้รับสินค้า ช้านิดหน่อย,neg
ช้ามาก..อ้อมไปอ้อมมา,neg
รวดเร็ว,pos
ส่งไวดีค่ะ,pos
รวดเร็ว,pos
จัดส่งดี,pos
อยากให้แจ้งชื่อ และเบอร์ติดต่อของเจ้าหน้าที่ ที่ทำการส่งพัสดุ เพื่อจะได้ตามพัสดุกรือกรณีฉุกเฉินจะได้ติดต่อเจ้าหน้าที่ไว้ก่อนตะได้ไม่เสียเวลาเจ้าหน้าที่,neg
ไวดีคะ,pos
สะดวก,pos
good,pos
ดีค่ะ,pos
"ได้โปรดอย่าโยน อย่ากระแทกเหมื่อนบริษัทอื่น,ส่งเร็วไวกีมากๆให้flash ตลอด",pos
ต้นทางส่งของมา2กล่อง แต่ได้รับ1กล่อง อีก1กล่องตอนนี้ยังไม่ได้รีบใช้มาก ทำไม2กล่องคุณจัดส่งไม่พร้อมกัน งงงงงงงง,neg
ล่าช้ามาก ของถึงหน่วยงานแต่ก็ยังนำไปแจกจำหน่าย ยังเก็บสินค้าไว้อีกวันเกือบสองวันครึ่ง ดีนะทีของยังไม่เสียหายมาก หวังว่าครั้งนี้คงจะไม่เป็นแบบนั้นอีกนะคะ...ของมากึงแล้วจำหน่ายจ่ายแจกไปเลยค่ะ กรุณาอย่าดองของไว้อีกนะคะ (มีหลักฐานของการส่งครังที่แล้วค่ะ),neg
ช้ามา,neg
ควรมีskillในการส่งของมากกว่านี้,neg
คือมารับของที่บ้านแต่ดันบอกว่ากล่องแตกแถมของที่เราส่งหายได้อันอื่นมาแทนส่ง20/08/64ได้ของ24/08/64ปกติได้21/08/64แถมยังเปลียนชื่อคนส่งเป็นพนักงานเองด้วยคือโมโหมากของก็เปลี่ยนคือพนักงานรุ้แต่ให้เราตามเองทำงานแย่มากพึงเจอครั้งแรกปกติไปส่งที่รับพัสดุเอง,neg
ดีค่ะ,pos
คนส่งดีมาก,pos
หาเลขพัสดุไม่เจอค่ะ,neg
ดีมาก,pos
เช็คสถานะไม่ได้,neg
ดี,pos
ไม่มีใครติดต่อมาเลย รอหลายวันแล้ว,neg
ส่งช้ามาก,neg
่ส่งของช้ามากลูกค้าต้องรอของรอเป็นอาทิตย์แค่ของไม่กี่ชิ้นทำให้ของเสียหาย,neg
ดี,pos
ของก็ไม่รับ อยู่ดีๆก็ไปใก้คนอื่นเฉยทั้งๆที่ชื่อที่อยู่ก็ไม่ไช่ ทำงานได้เหี้ยมาก,neg
ส่งสินค้าผิดบ้านและไม่โทรหาก่อนส่งสินค้าและตอนนี้ยังไม่ได้รับเลย,neg
D,pos
ช้ามาก โทรติดต่อไม่ได้ แย่มาก,neg
ส่งของดีมาก,pos
รวดเร็วดี,pos
ส่งสินค้าไม่โทรแจ้ง,neg
ส่งในอำเภอเดียวกันใช้เวลาตั้ง5วัน ครั้งเดียวจบน่ะแฟลช,neg
ดีพอใช้,pos
รวดเร็ว,pos
ส่งของแย่มาก,neg
ดีคับ,pos
ดีครับ,pos
ส่งของโคตรรรช้ามาเลย,neg
ส่งช้ามากต้องใช้เวลารอถึง 30 วัน,neg
Ok,pos
ดี,pos
ตีพัสดุคืน ด้วยเหตุผลอะไรไม่โทรแจ้ง แบบนี้ขึ้นอยู่กับตัวพนักงานที่รับผิดชอบหรือเปล่า  คน ๆ เดียวทำเสียองค์กร ทุกวันนี้บริษัทแบบนี้คู่แข่งเยอะ ลูกค้ามีทางเลือก ไม่ใช่ตลาดผูกขาดเหมือนตอนไปรษณีย์ไทย,neg
ขนส่งช้ามากกกกกกก,neg
"ปกติ ไม่เคยช้าขนาดนี้เลย ปลายทางส่งให้ตั้งแต่วันจันทร์
นี่วันศุกร์แล้ว ของยังไม่มาเลย",neg
การจัดส่งค่อนข้างล่าช้ามากค่ะ  จัดส่งภายในจังหวัดเดียวกัน คนละอำเภอ ใช้เวลาเกิน 3 จัดส่งตั้งแต่วันที่ 24/08/2021 เช็คสถานะปัจจุบัน ของยังส่งไม่ถึงผู้รับเลยค่ะ TH03041S5HHZ9D สามารถติดต่อเจ้าหน้าที่ท่านใดได้บ้างค่ะ,neg
บริการเร็ว,pos
"ดูในระบบว่ากำลังจัดส่ง พอวันนี้ตกเย็นดูในระบบบอกเอาไปเก็บที่คลัง จะจัดส่งอักครั้ง คืออะไร ไม่มีโทรศัพท์ติดต่อมาเลย
ติดต่อไม่ได้แล้วตีสินค้ากลับจะไม่ว่าเลย แย่มากค่ะ",neg
ขนส่งช้ามาก,neg
ดีครับ,pos
รวดเร็วดีครับ,pos
ควรปรับปรุงนิสัยคนส่งของค่ะที่ผ๋านมาแย่มาก ติดต่อมาสอบถามได้ค่ะ,neg
รวดเร็วดี ค่าบริการไม่แพงมาก,pos
รอของ7 วันแล้วยังไม่ได้รับ เชคเลขก็ไม่ได้,neg
ดีมาก,pos
ส่งสินค้าช้ามากค่า,neg
ควรแยกของกินของใช้ เพราะของเสียหาย,neg
จัดส่งสินค้าช้ามากๆ ณ เวลานี้ ยังไม่ได้รับ,neg
บริการดี ส่งของเร็ว,pos
ดี,pos
ติดตามพัสดุง่ายขึ้น,pos
ดีค่ะ,pos
ไวดีค่ะ,pos
พนักงานส่งของบางคนสาขาเชียงของพุดจาไม่เพราะทำกิริยาไม่ค่อยดีต่อลุกค้าค่ะ โทรมาพุดแบบอารมเสียด้วย ขอปรับปรุงเรื่องนี้ค่ะไม่ชอบเลย,neg
แย่มากติดต่อไปไม่มีผู้รับสายพอมีผู้รับสายบอกจะติดต่อกลับก็ไม่ติดต่อ (สาขาบางกระสอ) โทรกลับไปอีกทีก็ไม่รับสายและตัดสายทิ้งตามงานเป็นสองอาทิตย์ (13 สิงหา) วันนี้ 24 สิงหา ยังไม่ได้รับคำตอบ,neg
ดี,pos
ดี,pos
เช็คเลขพัสดุยากมากค่ะ เว็บที่ให้เช็คเลขยังใช้อยู่ไหมคะ,neg
track ไม่ได้,neg
เข้าไปดูลายเซ็นต์ผู้รับไม่ได้,neg
ยังไม่ได้รับสินค้ายังไม่มีใครโทรติดต่อมาเลย มาบอกว่าลูกค้าเลื่อนส่งใช้ไม่ได้,neg
ขึ้นสถานะว่าส่งสำเร็จแล้วแต่ลูกค้าไม่ได้รับของ ช่วยตรวจสอบผู้นำส่งสินค้า เลขพัสดุนี้ด้วยค่ะ TH010534134938 ถ้าไม่ได้นับคำตอบจะดำเนินการทางกฏหมายค่ะ  โทรกลับเบอร์นี้นะคะ 0830543663,neg
ไม่เห็นมาส่งของแต่เชคเลขขึ้นปฏิเสธรับของ  งง,neg
ไม่เห็นมาส่งของ แต่พอเชคเลขขึ้นว่าปฏิเสธรับของ งง,neg
คีย์ข้อมูลมั่วจัดส่งพัสดุมั่ว,neg
น่าให้เบอร์โทรติดต่อกลับพนักงานส่งของด้วยครับ,neg
ดีมากค่ะ,pos
ส่งช้าเปตรแบบนี้ปิดตะอย่าเปิดส่งเปรตอยู่คนรอเค้าก็รีบใช้นะ อีพวกพนังงานตัวไหนขี้คานทำงานออกเปตรให้หมดสะตะอีควาย????,neg
ช้า,neg
บริการดีมากค่ะ,pos
Good Good,pos
ดี,pos
ช้ามากๆ,neg
Ok,pos
ดี,pos
พนักงานไม่ทำงานหรอคับไม่มาส่งสินค้าง่าย,neg
ดี,pos
ส่งช้าพนักงานไม่ค่อยมีมารยาท,neg
มาช้าค่ะโทรมาเเล้วกว่าจะมาช้ามากค่ะ,neg
ส่งเร็วคะ,pos
ราคาถูกดีแต่กล่องบางไป,pos
ดี,pos
ส่งล้าช้ามาก,neg
บริการดีค่ะ,pos
very good,pos
ห่วยแตกมาก ล่าช้ามาก ดองพัสดุ,neg
ส่งช้า,neg
ส่งไวๆแบบนี้ตลอดไปเลยนะคะ ปลื้ม??,pos
เชคในระบบไวดีค่ะ,pos
บางทีการเช็คสถานะไม่ขึ้น ไม่เปลี่ยนแปลง บางทีการจนส่งล้าช้าอยู่กับที่ แต่รวมๆก็พอใจ,pos
พอใจทุกอย่างค่ะ เป็นคนไม่เรื่องมากเข้าใจพนักงานทุกคน,pos
จะส่งหรือไม่ส่งอย่างไรน่าจะแจ้งลูกค้าบ้างนะค่ะ,neg
พิกัดเดินทางของสินค้าช้า,neg
บริการดี,pos
ส่งช้ารอของนานโครตนาน,neg
พอใจมากครับ,pos
ของสั่งนานแล้วยังไม่ถึง,neg
ดีมากค่ะ,pos
ดีค่ะ,pos
ส่งเร็วๆโทรหาด้วยตอนส่ง,pos
ดีมาก,pos
พนักงานแฟลชไม่โทรมา  ไม่มาส่งของแล้วเช็คเป็นปฏิเสธของ   แล้วจะส่งของกลับค่ะ  ไม่โอเคเลย,neg
ส่งเร็วๆ,pos
ส่งไม่ค่อยตรงเวลาเท่าไร,neg
ส่งของครั้งแรก เสียหาย แตกหมดเลย,neg
ของยังไม่ได้ แต่พอเช็คกลับขึ้นว่าปิดงาน เบอก็ถูก ที่อยู่ก็ถูก,neg
เวลาของเสียหรือหาย ต้องรับผิดชอบทั้งหมด ไม่ว่าจะกรณีใดๆ บ้างครั้งก็โดนแกะ แต่เสื้อผ้าที่ผมสั่งราคาไม่แพง มันเลยไม่เอา,neg
"ช้ามากไม่รู้จะวิ่งไปวิ่งกลับขอนแก่น - โคราชทำไมให้เสียเวลา
ปลายทางอยู่แค่จังหวัดเลย ถึงศูนย์ขอนแก่นแล้วก็ปลายทางเลยก็ได้คนรีบใช้ก็รีบใช้ ? อย่างว่าอะไรก็ตามระบบแต่แบบนี้ก็ไม่ไหว",neg
จักรยานทั้งคันหายได้ไง,neg
ถึงสถานีปลายทางแล้ว แต่ยังไม่ส่งของเลย,neg
ส่งช้าชิบหายไม่รู้จะดองของไว้ทำไม ตรวจเช็คเลขก็ไม่ได้ขึ้นไม่พบข้อมูลระบบห่วย,neg
ช้ามากกกกกกกกกกกกกกกกกกกก(ก.ไก่ล้านตัว),neg
ดี,pos
ช้ามากกกกกกก..,neg
ช่วยปรับปรุง..ส่งล่าช้ามาก..จากฉะเชิงเทรามาชลบุรีใช้ระยะเวลาส่ง6วัน,neg
ช้ามาก ช้าไปหมด,neg
ขอใหรักษามาตรฐานแบบนี้ไว้ตลอดไปนะครับ,pos
ของส่งตั้งแต่วันที่6จนตอนนี้วันที่12ส่งจากระยองไปชลจำเปนที่ต้องใช้เวลาเปนอาทิตเรยหรอ ทำงานอะไรแบบนี้ขนส่งนี้ส่งมาตั้งนานม่เคยเจอเอาของไปดองใว้ม่ส่งเสียความรุ้สึกที่สุด แย่มากกกกกกกกกกกกกกก,neg
ส่งของเรียบร้อยดีบริการดีมากค่ะ,pos
ส่งของรวดเร็วดีค่ะ,pos
ส่งช้าจัดของเป็นอาทิตย์จากแค่ปทุมมาลาดกระบังในกทมเหมือนกันนานไรขนาดนั้นวนแล้ววนอีกส่งวนทําไมงงไม่ได้ไปให้ส่งฟรีนะเสียค่าส่งควรดีกว่านี่,neg
แย่ ส่งช้า สั่งผลไม้ไป จะ10 วันละของยังไม่ได้ป่านนี้ก็น่าแล้วค่,neg
ดี,pos
บริการดี ค่าบริการถูกใจ พัสดุเคลื่อนย้ายไปไม่อยู่กับที่,pos
ช้า /มาถึงแล้วไม่โทรบอก,neg
จัดส่งของรวดเร็วดี,pos
ค้นหาได้ รวดเร็ว,pos
ดี,pos
ส่งของดี,pos
ส่งของช้ามาก ไม่รู้จะอ้อมโลกไปไหน,neg
ช้าเกินไป,neg
เช็คเลขพัสดุไม่ได้,neg
ตรวจสอบไม่เคยได้,neg
เคยของหายครั้งนึงค่ะมันขึ้นว่ามีคนรับแล้ว แต่พัสดุยังไม่ถึงเรา,neg
ของยังไม่ถึงเลยตั้งแต่กลางเดือนที่แล้ว..ช้ามากๆแต่ก่อนไม่เคยช้าแย่มาก.,neg
ดี,pos
"จ้างพนักงานทั้งทีควรอบรมมารยาทบ้างนะ
ส่งของแบบห่วยแตกมาก",neg
ส่งช้ามากเลยคะ,neg
ดี,pos
คัดแยกจัดส่งผิดพลาดหลายวันมาก แย่ค่ะ ลูกค้าขอร้องเรียนการบริการขนส่งค่ะ ห่วยมาก,neg
เช็คติดตามยากมาก,neg
แย่มากค่ะ พัสดุถึงสาขาพานทอง ชลบุรีตั้งแต่เมื่อวาน 1/8/64 แล้วไม่มีการอัพเดทอะไรต่อเลย แบบนี้ลูกค้าปลายทางเสียหายนะคะ สมควรจะรับผิดชอบยังไง,neg
ดีค่ะ,pos
ยังไม่ได้ส่งของมาให้ พนังงานก็ไม่โทรมา แต่สถานะขึ้นว่าส่งไม่สำเร็จ ช่วยชี้แจ้งและแก้ไขด้วยค่า ตามของให้ด้วยนะคะ,neg
แย่มา,neg
ห่วยพาสินค้าไปดอง,neg
ดี,pos
ส่งช้าไปนะ,neg
Very nice ??,pos
ดี,pos
แย่มาก ช้ามาก สินค้าส่งเข้าศูนย์อนุฯเเล้ว บ้านเราก็อยู่ใกล้ๆ พออีกวัน เอ้า! ส่งไปศูนย์บางพลี ? คือต้องการอะไรหรอคะ ส่งไปส่งมางี้ เพราะไม่มีคนส่งหรืออะไร ล่าช้าไม่ว่า แต่อยากให้ของไปเที่ยวเล่นหรอ งง,neg
คัดแยกช้าไปหน่อย,neg
รอนานมาก,neg
ของส่งผิดที่ มีคนเซนรับของไป ยังไงโทรกลับเบอร์นี้หน่อยนะครับ 0632605566,neg
นานไป ควรจัดการของให้ดีกว่านี้,neg
บริการดีมาก,pos
ช้ามาก,neg
สินค้าสั่งทาง Lazada แต่ไม่ส่ง ไม่โทรหา ไม่แจ้งรายละเอียดใดๆ แต่ตีกลับไปร้านค้า  (แต่ขึ้นข้อความลูกค้าปฏิเสธพัสดุ) พัสดุหมายเลข,neg
ของส่งตั้งแต่17ปานนี้ยังไม่ถึงลูกค้าเลยค่ะของเสียหายหมดแล้วค่ะ14วันละค่ะบริษัทของคุณช่วยเร่งตามให้หน่อยนะค่ะเสียหายหมดแล้วจะรับผิดชอบยังใงค่ะช่วยเร่งให้ที่ค่ะลูกค้าด่ามาเยอะแล้วค่ะ,neg
การส่งพัสดุไม่เป็นไปตามที่ปลายทางต้องการ,neg
ผู้บริหารเอกชน ทำงานอย่างเอกชน เพราะค่าบริการแบบเอกชน ต้องรวดเร็ว ไม่ใช้ใหรอสินค้า 12 วันแล้ว  ในการขนส่งสินค้ายังไม่ถึงผู้รับปลายทาง  เกิดเหตุควาเข้าแก้ไขตั้วแต่ต้น  ไม่ใช่ปล่อยบานปลายถึงมาแก้ไข,neg
ช้ามากแย่,neg
นานมาก ไม่แจ้งด้วย,neg
บริการดีค่ะ,pos
ส่งช้ามาก,neg
ดีเยี่ยม,pos
ช้ามาก,neg
ดี,pos
สินค้าส่งถึงผู้รับช้ามากคะ,neg
ทำงานดีแบบนี้ไปตลอดๆนะค่ะ,pos
รอของนานมากแล้วค่ะ? เข้าระบบตั้งแต่วันที่19? อยากทราบว่าจะออกจากวังน้อยอีกนานไหมค่ะ,neg
เคลียของตกค้างด่วนค่ะ ลูกค้าทวงเงินคืนแล้วค่ะ,neg
ช้าโครต,neg
ดี,pos
เปลี่ยนกล่องเปลี่ยนสินค้าจากอะไหร่เครื่องกลึงน้ำหนัก12.5กกเป็นผัก5กกแล้วสินค้าผมอยู่ไหนติดต่อไครก็ไม่ได้ห่วยสุดๆ,neg
ช้ามาก,neg
นานม๊ากกกกกก,neg
ดีค่ะ,pos
แย่,neg
ล้าช้ามากๆๆๆๆๆ,neg
บริการดี,pos
ของส่งไปตั้งแต่24หลายวันแล้วรบกวนช่วยส่งต่อด้วยค่ะ ของเสียหายใครรับผิดชอบค่ะ,neg
ของค้าง9วันแล้วค่ะจากวังน้อย,neg
ไม่มีการตามของเลย,neg
เซ็นก่อนผู้รับจะเห็นของ ไม่รู้ใครเป็นคนรับให้ แย่มากๆ เร็วจริงแต่คนส่งพัสดุแย่มากไม่ปรับปรุงไม่โทรมาก่อนด้วยซ้ำ ถ้าไม่มีเก็บปลายทางแบบนี้บริการห่วยแตกเกินไปมั้ง,neg
วันหยุดนักขัตฤกษ์ ก็เปิด ดีมาก,pos
ช้ามาก,neg
ล่าช้ามาก ไม่ได้รับการแก้ไข จัดการไม่ได้ทำอะไรกันอยู่คะ,neg
รอของมาวันนี้ครบ10วันล่ะของยังไม่เคลื่อนที่เลยแน่มากๆไครเป็นเหมือนกันบ้างคับ,neg
เช็คเลขไม่ขึ้น แต่ทางร้านบอกส่งแล้ว แต่ไม่ยอมเอาเข้าระบบ เป็นอาทิตย์แล้ว,neg
เร่งดำเนินการเข้าใจนะ แต่เวลาอยากจะติดต่อไรก้อไม่ได้ ไม่สามารถรุ้เลยว่าจะจัดส่งเมื่อไหร่  จะเป้นเดือนแล้วด้วยค่ะ,neg
ไม่โทรแจ้ง เมื่อมีของมาส่ง,neg
นานมากเลยค่ะ,neg
เมื่อไหร่จะติดตามสินค้ให้ส่งออกได้สักทีคะ,neg
ล่าช้ามากๆ ควรมีวิธีแก้ไขในช่วงวิกฤตแบบนี้,neg
ส่งช้ามากค่ะ ส่วนมาก,neg
รอนานมาก,neg
ดี,pos
รอของนานมาก,neg
พัฒนาโดยด่วนค่ะ,neg
ส่งรวดเร็ว บริการดี,pos
การขนส่งแย่มากๆ ค่ะ,neg
แย่มากถึงมากที่สุด????????????,neg
อย่าให้รีบเคลียของเพราะบางคนรีบใช่ บางคนสั่งของกินมันจะไม่เสียหายหรอคะ?,neg
ห่วยมาก,neg
ควรปรับปรุงอย่างมากกกกกกกด,neg
ยังได้รับของเลย ส่งมาตั้ง5-6 วันแล้ว,neg
ของส่งมาตั้งวันอาทิตย์ยังไม่ได้รับเลย เศร้า,neg
ล่าช้า,neg
โคตรช้าาาาาาาาาาาาาาาาาาาาาา โคตรห่วยยยยยยยยยยยยยยยยยยยยยยยยย เอาคำติชม อย่าเรียกติชม ด่าาาาา ไปปรับปรุงบ้างนะขอร้องงงงงงงง ขอบคุณครับ,neg
ช้าไปนิดนึงค่ะ,neg
ช้ามาก,neg
มีปัญหาไม่ออกมาชี้แจ้งให้ชัด หาคนรับผิดไม่ได้ติดต่อไปก็ไม่มีคนรับ,neg
แย่,neg
ของค้างอยู่ที่วังน้อย คือทางขนส่งจะส่งปลายทางหรือจะตีกลับคะรอมากลายวันแล้วยังไม่ได้รับของเลย,neg
เคยเจอพัสดุมาถึงปลายทางแล้วแต่พนักงานไม่ยอมมาส่งจนรับพัสดุเสียหายใช้ไม่ได้ ถามเจ้าหน้าที่ว่าทำไมส่งของช้าทำให้ของเสียหาย พนง.ส่งของบอกว่าของเยอะมาส่งให้ไม่ทันอย่างนี้ก็ได้ด้วยเหรอ ถ้ามีคนใช้บริการเยอะจะบอกเพื่อนว่าไม่ต้องส่งบริการช่องทางนี้งานคุณจะได้ไม่เยอะ,neg
ทำแบบนี้ไม่ได้นะคะดองของไว้แม่ค้าพ่อค้าที่เขาลงทุนจ่ายตังแล้วเขาเดือดร้อน,neg
ช้า,neg
ช้ามาก,neg
ส่งช้ามากไม่อัพเดทใหม่,neg
คุณขนส่งช้ามากสี่วันเอกสารยังไม่ถึงเลย,neg
มีพนักงานติดโควิด แต่เก็บเงินลูกค้าไปแล้วจะเอาของเขาไปดองไม่ได้นะ อย่าทำทุเรศแบบนี้ คนเป็นแม่ค้าป่วนไปหมดเลย ไครจะรับผิดชอบ ลูกค้าก็ด่าเสียลูกค้ามาก ไม่มีระบบการจัดการอะไรเลยหรอ ปล่อยทิ้งความรับผิดชอบแบบนี้ได้อย่างไง เงินค่าส่งก็เก็บไป๕รบถ้วนแล้ว,neg
ช้ามาก...แก้ปันหากันน่อย,neg
ยังไม่รับพัสดุนานมากแล้ว,neg
ช้า,neg
ส่งผลไม้ 5 วันแล้วของยังยุวังน้อยที่เดิม ใครจะรับผิดชอบ นี่เสียทั้งลูกค้าเสียทั้งเงิน,neg
ไม่มีมาตราฐานในการส่งของเลย ช้าไม่ว่าแจ้งลูกค้าหน่อยก็ได้ไม่มีสักอย่าง แย่มากขนส่งแบบนี้ ของวกไปวนมา กทม-บางพลี  กทม-พานทอง คืองงกับขนส่ง,neg
นานเกินไปนะ ส่งของ13 วันนี้วันที่21 ยังอยู่ในระหว่าขนส่ง หรือติด ปัญหาทางใดก็น่าจะแจ้งลูกค้ากันบ้างนะครับ,neg
โทรติดต่อคนนำมาส่งไม่ได้เลยค่ะ,neg
ส่งของช้ามากคะ,neg
ต้นไม้กูแพงสัสนรก ถ้ามึงไม่ส่งของก็ปิดรับของ ไม่ใช่เอาไปดองไว้ ??,neg
สินค้าส่งผิดหรือผิดพลาดอะไรควรโทรบอกผู้ส่งหรือผู้รับให้ทราบ,neg
ดี,pos
ช้ามากๆๆๆๆๆๆ,neg
ดีมากครับ ละเอียดดี,pos
ส่งของช้ามากกกกกกก เช็ควันที่ 18 กค. ถึงวังน้อย  แล้วไม่มีการเคลื่อนไหวของพัสดุอีกเลย จนวันที่ 20 กค. สถานะเหมือนเดิม นิ่ง ไม่มีการเคลื่อนไหว,neg
ห่วยและแย่ ของดองอยู่วังน้อยตั้งแต่ 16แล้วอ่ะ มันนานเกินไปไหม แล้วก็ไม่แจ้ง ควรบริหารจัดการให้มันดีกว่านี้ ไม่งั้นก็ปิดไปเลย ร้านค้าจะได้ส่ง บริษัทอื่น น่าเกียจมาก รอมาหลายวันแล้ว เซงค่ะ,neg
แย่มาก ระดับ 1 ยังไม่อยากจะให้เลย ควรจัดการการบริการในสถานการณ์ แบบนี้ให้ดีกว่านี้ ไม่ใช่พนักงานติดโควิท แล้ว ปล่อยให้ของที่ลูกค้าส่ง ค้างส่งให้ลูกค้าแบบนี้,neg
ของค้างที่วังน้อย หลายวันละ ไม่จัดส่งให้สักที โทร ไม่มีใครรับ รู้ว่า มีพนักงานติด โควิท แต่ควรจะมีแนวทางการรับมือในสถานการ แบบนี้ ให้ดีกว่านี้ ห่วยมาก,neg
บริการดี,pos
"สั่งของไปตั้งแต่วันที่15จนวันที่20 แล้วยังไม่ได้รับพัสดุเลย
แย่มาก เกิดปัญญาขึ้นที่ขนส่งก็ไม่มีเจ้าหน้าที่ติดต่อมา ต้องให้เราติดต่อไปเอง",neg
แฟลชส่งช้ากว่าปกติ  ของรอนำเข้า  ช้ามาก,neg
ส่งไวๆ,pos
????แย่มากนะ ควรปรุงให้มาก เฉเพาะพนักงาน สินสภาพดี แต่ตอนถึงค้า บอกสภาพสินค้า เหมือนแย่งจากปากสุนัขเลย???? ส่งรอบเดียวแล้วก็ไม่ส่งอีกเลย แฟลชเน่า เคอรี่ดีที่สุดเพื่อนๆ,neg
ทำงานไวมากกก,pos
ดี,pos
"ไม่พอใจอย่างมาก เราส่งของแต่ยังไม่ได้ของซึ่งของเป็นผลไม้ทุเรียน ส่ง15/7/21 วันนี้19/7/31 ยังไม่ได้รับเข้าใจว่าสถานการณ์ตอนนี้คือเป็นโควิคติดเคอฟิว แต่ตอนส่งเราก็ได้ถามแล้วคุณก็รับส่งแต่ส่งแล้วคุณไม่ส่งต่อ ตอนนี้ผลไม้คงเสียหายและก็ราคาหลายบาทด้วย คุณไม่มีการแจ้งว่าเกิดปัญหาอะไรจนต้องมีการเร่งติดนามและตอนนี้ก็ยังไม่ได้รับสินค้า
ติดต่อก็ติดต่อไม่ได้ ร้องเรียนก็ร้องเรียนไม่ได้ เราเข้าใจสะานการณ์ทุกอย่างแต่ควรจะมีการแจ้งลูกค้าและใครจะรับผิดชอบ ทางลูกค้าต้องติดตามข่าวสารเองว่าเกิดอะไรขึ้น",neg
ช้ามาก,neg
เอาของเข้าระบบช้า ทำให้การขนส่งช้า,neg
พนักงานดีเยี่ยม,pos
แย่มาก,neg
5 วันแล้ว ยังไม่ถึงผู้รับ จะรับผิดชอบความเสียหายอย่างไร,neg
รวดเร็วทันใจสินค้าปลอดภัยไม่มีชำรุดหรือแตกหัก,pos
ของมาส่งตั้งแต่16ตอนนี้ก็ยังยุวังน้อยยุ?  ของเสียหายจะรับผิดชอบยังไง,neg
แย่มากโทรถามว่าบ้านอยุ่ไหน2รอบบอกให้บอก0kคำตอบสุดท้ายที่โทรไปถามในวันเดียวกันบอกว่าคลองถนนส่งแค่ถนนข้างหน้าสุดทางส่งทั้งที่บ้านเลขที่เป็นของเขตตัวเองคนใช้บริการจะรูไหมของที่ส่งมาเป็นขนมปังจนวันนี้ยังไม่ได้ของโทรหาเบอ0953910490บอกไม่มีของและทำการบล็อกเบอไม่รับสุดๆๆพอถามสาขาอื่นบอกไปวังน้อยปานนี้ยังไม่มาคาดว่าหายแล้วคิดว่าให้ระดับไหมดีคนส่งคงโกรธแบบไหนคนรับก็โกรธแบบนั้นเพราะเงินก็เสียของก็ไม่ได้.,neg
ดีคะ,pos
ช้า,neg
ส่งของกินจากกทมถึงกทมนาน4วันแล้วยังไม่ได้รับ กดค้นหาพัสดุ ก็ไม่เจออีก อาหารเน่าพอดี  ห่วยมาก,neg
D,pos
ป่านนี้ของคงเน่าหมดแล้วม้างง,neg
ห่วยแตกส่งแค่ในกทม 4 วันแล้วยังไม่ส่ง,neg
บริการดีค่ะ,pos
สินค้าถึงเร็วส่งไกลแต่ราคาประหยัดมากน่ารักมากๆๆ,pos
ช้าๆผลไม้เน่าหมด ่,neg
จัดส่งรวดเร็ว,pos
ส่งช้ามาก,neg
ช้ามาก?  ผลไม้ส่งจากเหนือ? มาเพรชบุรี?  มึงจะให้คนในบ้านกูกินตอนไหน?วันที่3แล้ว,neg
ช้ามากค่ะส่งของจากขอนแก่นไปเขตทุ่งสองห้องเมื่อวันที่13ก.ค. ถึงสาขาวังน้อย14ก.ค.เวลา16.37น.เป็นเวลา3วันค้างอยู่จุดเดิม โทรถามโทรตามทั้งคอลเซนเตอร์ ก็แจ้งจะประสานๆ แต่ก็ยังอยู่จุดเดิม ริดน่อทั้งสาขาปลายทางต้นทาง แต่ก็ไม่มีอะไรเกิดขึ้น ที่เลือกส่งบริษัทนี้เพราะคิดว่าน่าจะเร็ว พอเช็คอีกวันนี้ เพิ่งส่งออกจากวังน้อย17ก.ค.แย่มาก คงใช้บริการเป็นครั้งสุดท้ายค่ะ,neg
ส่งเร็ว,pos
ช้ามากกกกก เวลาส่งก็ไม่โทรบอก,neg
ส่งตั้งแต่14กค.จนถึงวันนี้17กค.ป่านนี้ยังไม่ถึงผู้รับขนมปังพี่เสียหายหมดแน่ทำไมส่งช้ามากๆใกล้นิดเดียวเองพี่ส่งจากต.ท้ายบ้านใหม่ สป.ไปเทพารักษ์เองใกล้ไปเลยนานเหรอคะของเสียหายใครจะรับผิดชอบ,neg
ช้ามาก,neg
ช้ามากกก ไม่ดีเลย,neg
ช้ามากๆๆแย่สุดๆๆ มาส่งก้ไม่โทรแจ้ง ผ่านไป2วันยังไม่ได้ของ,neg
ชอบ,pos
โครตช้ามาก..ช้าสุดยอด..,neg
ส่งพัสดุช้ามาก เป็นเอกชนไม่ควรเกิน 2วัน แต่นี้ดูจากรายละเอียดในการส่งของจากการติดตามพัสดุเหมือนบริษัทไม่รีบเลยค่ะ ระยะในแต่ระช่วงนานมากๆๆๆ ไม่รู้มีข้อผิดพลาดอะไรเกิดขึ้นนะคะ แต่ช่วยปรับปรุงด้วยค่ะ,neg
พัสดุส่งช้ามากและไม่มีการโทรมาแต่ขึ้นว่าเปลี่ยนแปลงการนำส่งคืออะไรคา,neg
ดีส่งของไว,pos
ดี,pos
ติดต่อยากมาก ...แย่,neg
พัสดุห่อเรียบร้อยดีมาก,pos
แย่มาก,neg
ดีคะ,pos
จัดส่งพัสดุได้รวดเร็ว,pos
D,pos
ส่งไว,pos
ส่งของช้ามาก ของส่งพร้อมกันที่เดียวกันถึงคนละวัน,neg
ได้รับสินค้าช้ามากเกือบอาทิตย์แล้วยังไม่ได้รับของเลยค่ะ และสินค้าที่สั่งเป็นเค้กกล้วยหอม คงเสียไปแล้วค่ะจะรับผิดชอบยังไงคะกับการขนส่งที่ล่าช้าแบบนี้,neg
แย่มากๆ,neg
พัสดุยังไม่ได้รับตกค้างส่ขาวังน้อยตั้งแต่วันที่ 13กค ไม่มีการดำเนินการอย่างไร ต้องขดใช้ค่าเสียหายให้ลูหค้า,neg
พนักงานส่งแต่ละสาขาไม่สุภาพต่างกัน,neg
จะดีมากเลยครับถ้าการส่งสินค้าไม่ข้ามจังหวัดแพร่ไป สินค้าที่มาจาก กทม. หรืออิสาน เพราะเลยไปลำปางก่อนแล้วก็วกกลับมาที่แพร่ เสียเวลาไปอีกวัน แต่ถ้ามาจาก เชียงใหม่ เชียงราย ดีมากครับไม่อายขนส่งอื่นเลย แต่ก็ดีครับก็ไม่ได้เลวร้ายอะไรครับ,neg
ช้ากว่าบริการอื่นที่เคยใช้ค่ะ,neg
สถานะขึ้นเซ็นรับโดยเจ้าของเองแต่ยังไม่ได้รับของเลยคะ.. งงมาก,neg
กล่องเสียหาย ยับยู่ยี่,neg
ส่งเร็วครับ,pos
บริการล่าช้ามากแย่มากของกาบเชิงทุกรอบเลยได้ของทีเย็น4-5โมงเย็น,neg
พนักงานจัดส่งที่อยู่ผิดทำให้ต้องแจ้งเพื่อให้พนักงานมาส่งใหม่ และช้ามาก ทำให้สินค้าด้านในเน่าเสีย,neg
บริการรวดเร็วและดีมากคะ,pos
ส่งของตั้งแต่ 12 ก.ค. 64 จนถึงวันนี้ 15 ก.ค. 64 เวลา 13.17 น. ยังไม่ได้รับของ.. ของเน่าเสียหาย..,neg
จัดส่งรวดเร็วบริการดี,pos
call center ไม่ได้ช่วยอะไรเลย บอกจะเช็คให้แล้ววางสายไปเฉยๆ ไม่มีแจ้งอะไรกลับมา ระบบติดตามของในแอพก็ไม่อัพเดท แย่มาก,neg
ส่งของล่าช้าตลอด พัสดุตกหล่นประจำ,neg
พัฒนาการส่งได้ดีเยี่ยมค่ะ,pos
บริการทันใจ ใส่ใจลูกค้าดี,pos
ช้ามากคับแต่ก่อนส่งไวมากๆๆๆๆๆเดี้ยวนี้ช้าๆๆๆๆๆๆๆๆๆๆมากๆๆๆๆๆ,neg
ช้า โทรตืดต่อพนักงานไม่ได้,neg
ดีมาก,pos
ช้ามากๆๆ,neg
เวลามาส่งของชอบโยนพัสดุทำให้พัสดุข้างในเสียหาย แล้วเวลามาส่งของไม่ชอบโทรแจ้งแล้วก็โยนพัสดุเข้ามาในบ้างเอง,neg
ดีครับ,pos
ครั้งนี้ล่าช้ามาก ผิดหวัง,neg
ช้ามากๆ,neg
เยี่ยม,pos
ช้ามาก เช็คกี่รอบก็อยู่ที่เดิมมา2วันแล้ว,neg
เร็วคับ,pos
เช็คไม่ได้ ไม่พบพัสดุ หลายวันแร้วว,neg
ดี,pos
ช้า,neg
ส่งเร็วดีคับ,pos
เช็คพัสดุไม่ได้,neg
ดี,pos
แอบช้า,neg
ส่งช้ามากค่ะ ผลไม้เน่าเสียมา2 รอบแล้ว ทั้งๆที่เชคแล้วว่ามาถึงปลายทาง แต่ก็ไม่มาส่งสักที ไม่รู้รู้เป็นอะไร ปกติ วีนเดียวถึง ที่3 วันยังไม่มีวี่แวว ขนส่งแบบนี้ไม่มีการปรับปรุงเลย แย่มากๆ,neg
จัดส่งรวดเร็วดีค่ะ,pos
ดีคะ,pos
แย่มากกล่องถูกทับผลไม้เสียหาย ลำปาง-กรุงเทพฯ 3 วันนานเกินไป,neg
ส่งเร็วดีค่ะ,neg
ส่งเร็ว ทันใจค่ะ,pos
ช้ามาก,neg
แย่มาก ส่งขนมไป7กล่อง พนักงานส่งเกะแดกทุกกล่อง 1กล่องมี4ชิ้น แดกอย่างละ1ชิ้นทุกกล่อง โทรหาศุนย์ก็ไม่มีความรับผิดชอบเหี้ยอะไรเลย บริการเหี้ยมาก ต่อไปนี้จะไม่ใช้บริการอีกต่อไปเลิกใช้ถาวร,neg
ช้า,neg
ส่งเร็วดีค่ะ,pos
ส่งเร็วคับ,pos
ส่งของตั้งแต่วันที่ 2 /07/64 จนวันนี้ 14/07/64 ผ่านมา 12 วันแล้ว ยังไม่ได้รับของ โทรติดตาม ก็แจ้งว่าพัสดุตกหล่น จะตามให้ จะติดต่อกลับ จนวันนี้ก็ยังไม่มีใครติดต่อกลับ โทรไปก็ไม่มีคนรับสาย  ของที่ส่งคือ ต้นไม้ ป่านนี้คงตายไปแล้ว  จะรับผิดชอบยังไงค่ะ รอเจ้าหน้าที่ติดต่อกลับ ตั้งแต่ วันที่ 6 จนตอนนี้ยังไม่ได้รับการติดต่อ แย่มากๆเลยค่ะ ถ้ามีคะแนน 0 ก็จะให้ 0 บริการหลังการขายไม่มีการติดตามเลย ทั้งๆที่ ใช้บริการกันมาตลอด,neg
มีการส่งล่าช้าในบางครั้ง,neg
GOOD,pos
บ้างคนก็โทรหาบ้างคนก็ไม่โทราค่ะ,neg
ส่งของช้ามาก ไหนบอกเป็นขนส่งที่เร็วและได้รับมาตรฐาน กล่องสินค้าที่ได้รับมาคือสภาพแย่มาก พัง บุบ ทุกสิ่ง จะมาส่งของไม่โทรมาบอก แถมยังส่งผิดที่อีก,neg
ส่งดี,pos
ดี,pos
ดีครับ,pos
ดี,pos
ดี,pos
ส่งดีส่งไว,pos
ดี,pos
ส่งของช้า แจ้งในระบบไม่ถูกต้อง ไม่มีการติดต่อใดมาเลย แล้วเลื่อนเปลี่ยนแปลงการส่งอีก เหี้ยมาก,neg
ส่งๆวมาก,pos
ดี,pos
ดีครับส่งใว,pos
พนง.นำส่งสุภาพ เหมาะสมดีมากค่ะ,pos
ส่งของไวมากค่ะ,pos
ชอบใช้บริการแฟลชค่ะ ขอให้รักษาคุณภาพไว้แบบนี้ แต่พบปัญหา 2ครั้ง คือถุงพัสดุชำรุดจนทำให้สินค้าในถุงพังเสียหาย,pos
พนักงานหล่อพี่ที่สักแขน ผิวเข้มหน้าเข้ม สายแม่แตง หล่อค่ะ หล่อ,pos
ส่งหลายเคสแล้ว บางเคส ก็ลงที่อยู่ผิด ต้องแก้ไข ทำให้เกิดความล้าช้า ไปอีก,neg
ถูก เร็ว,pos
บริการเร็ว,pos
บริการดีคะ,pos
ควรส่งของให้เร็วกว่านี้,pos
แย่มากค่ะบอกที่อยู่นึงส่งที่อยู่นึงค้นหาสินค้าไม่เคยพบ ไม่โทรหาลูกค้าก่อนรับของอีกเสียความรู้สึกมาก,neg
ส่งสินค้าช้ามาก,neg
เร็วดี,pos
ดี,pos
